﻿pos_x,pos_y,rotation,side,designator,mpn,pack,footprint,value,mount_type
131.1,-68.0,0.0,bottom,R1,,,Crystal_HC52-U_Vertical,R,tht
131.1,-80.0,0.0,bottom,R2,,,Crystal_HC52-U_Vertical,R,tht
131.1,-92.0,0.0,bottom,R3,,,Crystal_HC52-U_Vertical,R,tht
131.1,-74.0,0.0,bottom,R4,,,Crystal_HC52-U_Vertical,R,tht
131.1,-86.0,0.0,bottom,R5,,,Crystal_HC52-U_Vertical,R,tht
131.1,-98.0,0.0,bottom,R6,,,Crystal_HC52-U_Vertical,R,tht
138.25,-72.75,0.0,top,RV1,,,"Potentiometer_ACP_CA9-H2,5_Horizontal",R_Potentiometer,tht
