﻿Designator,Quantity,Value,Footprint,Package,MPN,DNP,Mount_Type,Description
J1,1,Input,SolderWire-0.5sqmm_1x01_D0.9mm_OD2.1mm,,,,tht,"Generic connector, single row, 01x01, script generated (kicad-library-utils/schlib/autogen/connector/)"
J2,1,Bridge 1,SolderWire-0.5sqmm_1x01_D0.9mm_OD2.1mm,,,,tht,"Generic connector, single row, 01x01, script generated (kicad-library-utils/schlib/autogen/connector/)"
J3,1,Bridge 2,SolderWire-0.5sqmm_1x01_D0.9mm_OD2.1mm,,,,tht,"Generic connector, single row, 01x01, script generated (kicad-library-utils/schlib/autogen/connector/)"
J4,1,Output,SolderWire-0.5sqmm_1x01_D0.9mm_OD2.1mm,,,,tht,"Generic connector, single row, 01x01, script generated (kicad-library-utils/schlib/autogen/connector/)"
J5,1,Lo,SolderWire-0.5sqmm_1x01_D0.9mm_OD2.1mm,,,,tht,"Generic connector, single row, 01x01, script generated (kicad-library-utils/schlib/autogen/connector/)"
JP1,1,Jumper_2_Open,SolderJumper-2_P1.3mm_Open_Pad1.0x1.5mm,,,,tht,"Jumper, 2-pole, open"
"R1, R2, R3, R4, R5, R6",6,R,Crystal_HC52-U_Vertical,,,,tht,Resistor
RV1,1,R_Potentiometer,"Potentiometer_ACP_CA9-H2,5_Horizontal",,,,tht,Potentiometer
